{"slides/test2.md":[0,0.07436399217221135,1],"slides/test.md":[0,0.05577299412915851,0.12133072407045009,1]}